
--Tari
insert into pcountry (code, name) values ('AR','Argentina');
insert into pcountry (code, name) values ('AU','Australia');
insert into pcountry (code, name) values ('AT','Austria');
insert into pcountry (code, name) values ('BY','Belarus');
insert into pcountry (code, name) values ('BE','Belgium');
insert into pcountry (code, name) values ('BA','Bosnia and Herzegovina');
insert into pcountry (code, name) values ('BR','Brazil');
insert into pcountry (code, name) values ('BG','Bulgaria');
insert into pcountry (code, name) values ('CA','Canada');
insert into pcountry (code, name) values ('CL','Chile');
insert into pcountry (code, name) values ('CN','China');
insert into pcountry (code, name) values ('CO','Colombia');
insert into pcountry (code, name) values ('CR','Costa Rica');
insert into pcountry (code, name) values ('HR','Croatia');
insert into pcountry (code, name) values ('CU','Cuba');
insert into pcountry (code, name) values ('CY','Cyprus');
insert into pcountry (code, name) values ('CZ','Czech Republic');
insert into pcountry (code, name) values ('DK','Denmark');
insert into pcountry (code, name) values ('DO','Dominican Republic');
insert into pcountry (code, name) values ('EG','Egypt');
insert into pcountry (code, name) values ('EE','Estonia');
insert into pcountry (code, name) values ('FI','Finland');
insert into pcountry (code, name) values ('FR','France');
insert into pcountry (code, name) values ('GE','Georgia');
insert into pcountry (code, name) values ('DE','Germany');
insert into pcountry (code, name) values ('GI','Gibraltar');
insert into pcountry (code, name) values ('GR','Greece');
insert into pcountry (code, name) values ('HK','Hong Kong S.A.R., China');
insert into pcountry (code, name) values ('HU','Hungary');
insert into pcountry (code, name) values ('IS','Iceland');
insert into pcountry (code, name) values ('IN','India');
insert into pcountry (code, name) values ('ID','Indonesia');
insert into pcountry (code, name) values ('IR','Iran');
insert into pcountry (code, name) values ('IQ','Iraq');
insert into pcountry (code, name) values ('IE','Ireland');
insert into pcountry (code, name) values ('IL','Israel');
insert into pcountry (code, name) values ('IT','Italy');
insert into pcountry (code, name) values ('JM','Jamaica');
insert into pcountry (code, name) values ('JP','Japan');
insert into pcountry (code, name) values ('KZ','Kazakhstan');
insert into pcountry (code, name) values ('KW','Kuwait');
insert into pcountry (code, name) values ('KG','Kyrgyzstan');
insert into pcountry (code, name) values ('LA','Laos');
insert into pcountry (code, name) values ('LV','Latvia');
insert into pcountry (code, name) values ('LB','Lebanon');
insert into pcountry (code, name) values ('LT','Lithuania');
insert into pcountry (code, name) values ('LU','Luxembourg');
insert into pcountry (code, name) values ('MK','Macedonia');
insert into pcountry (code, name) values ('MY','Malaysia');
insert into pcountry (code, name) values ('MT','Malta');
insert into pcountry (code, name) values ('MX','Mexico');
insert into pcountry (code, name) values ('MD','Moldova');
insert into pcountry (code, name) values ('MC','Monaco');
insert into pcountry (code, name) values ('ME','Montenegro');
insert into pcountry (code, name) values ('MA','Morocco');
insert into pcountry (code, name) values ('NL','Netherlands');
insert into pcountry (code, name) values ('NZ','New Zealand');
insert into pcountry (code, name) values ('NI','Nicaragua');
insert into pcountry (code, name) values ('KP','North Korea');
insert into pcountry (code, name) values ('NO','Norway');
insert into pcountry (code, name) values ('PK','Pakistan');
insert into pcountry (code, name) values ('PS','Palestinian Territory');
insert into pcountry (code, name) values ('PE','Peru');
insert into pcountry (code, name) values ('PH','Philippines');
insert into pcountry (code, name) values ('PL','Poland');
insert into pcountry (code, name) values ('PT','Portugal');
insert into pcountry (code, name) values ('PR','Puerto Rico');
insert into pcountry (code, name) values ('QA','Qatar');
insert into pcountry (code, name) values ('RO','Romania');
insert into pcountry (code, name) values ('RU','Russia');
insert into pcountry (code, name) values ('SA','Saudi Arabia');
insert into pcountry (code, name) values ('RS','Serbia');
insert into pcountry (code, name) values ('SG','Singapore');
insert into pcountry (code, name) values ('SK','Slovakia');
insert into pcountry (code, name) values ('SI','Slovenia');
insert into pcountry (code, name) values ('ZA','South Africa');
insert into pcountry (code, name) values ('KR','South Korea');
insert into pcountry (code, name) values ('ES','Spain');
insert into pcountry (code, name) values ('LK','Sri Lanka');
insert into pcountry (code, name) values ('SE','Sweden');
insert into pcountry (code, name) values ('CH','Switzerland');
insert into pcountry (code, name) values ('TW','Taiwan');
insert into pcountry (code, name) values ('TH','Thailand');
insert into pcountry (code, name) values ('TN','Tunisia');
insert into pcountry (code, name) values ('TR','Turkey');
insert into pcountry (code, name) values ('UA','Ukraine');
insert into pcountry (code, name) values ('AE','United Arab Emirates');
insert into pcountry (code, name) values ('GB','United Kingdom');
insert into pcountry (code, name) values ('US','USA');
insert into pcountry (code, name) values ('UZ','Uzbekistan');
insert into pcountry (code, name) values ('VN','Vietnam');
insert into pcountry (code, name) values ('DS','Diaspora');
insert into pcountry (code, name) values ('ALL','Alta');
COMMIT;

--Judete

INSERT INTO public.pprovince(id, name,residence, population, indicator,code) VALUES (1,'Alba', 'Alba Iulia', 342376 ,'AB','RO');	
INSERT INTO public.pprovince(id, name,residence, population, indicator,code) VALUES (2,'Arad', 'Arad', 430629, 'AR','RO');	
INSERT INTO public.pprovince(id, name,residence, population, indicator,code) VALUES (3,'Argeș','Pitești',612431,'AG','RO');
INSERT INTO public.pprovince(id, name,residence, population, indicator,code) VALUES (4,'Bacău','Bacău',616168 ,'BC','RO');
INSERT INTO public.pprovince(id, name,residence, population, indicator,code) VALUES (5,'Bihor','Oradea',575398 ,'BH','RO');
INSERT INTO public.pprovince(id, name,residence, population, indicator,code) VALUES (6,'Bistrița-Năsăud','Bistrița',286225 ,'BN','RO');
INSERT INTO public.pprovince(id, name,residence, population, indicator,code) VALUES (7,'Botoșani','Botoșani',412626 ,'BT','RO');
INSERT INTO public.pprovince(id, name,residence, population, indicator,code) VALUES (8,'Brașov','Brașov',549217 ,'BV','RO');
INSERT INTO public.pprovince(id, name,residence, population, indicator,code) VALUES (9,'Brăila','Brăila',321212 ,'BR','RO');	
INSERT INTO public.pprovince(id, name,residence, population, indicator,code) VALUES (10,'București','București',1883425 ,'B','RO');
INSERT INTO public.pprovince(id, name,residence, population, indicator,code) VALUES (11,'Buzău','Buzău',451069 ,'BZ','RO');
INSERT INTO public.pprovince(id, name,residence, population, indicator,code) VALUES (12,'Caraș-Severin','Reșița',295579 ,'CS','RO');
INSERT INTO public.pprovince(id, name,residence, population, indicator,code) VALUES (13,'Călărași','Călărași',306691 ,'CL','RO');
INSERT INTO public.pprovince(id, name,residence, population, indicator,code) VALUES (14,'Cluj','Cluj-Napoca',691106 ,'CJ','RO');
INSERT INTO public.pprovince(id, name,residence, population, indicator,code) VALUES (15,'Constanța','Constanța',684082 ,'CT','RO');
INSERT INTO public.pprovince(id, name,residence, population, indicator,code) VALUES (16,'Covasna','Sfântu Gheorghe',210177 ,'CV','RO');
INSERT INTO public.pprovince(id, name,residence, population, indicator,code) VALUES (17,'Dâmbovița','Târgoviște',518745 ,'DB','RO');
INSERT INTO public.pprovince(id, name,residence, population, indicator,code) VALUES (18,'Dolj','Craiova',660544 ,'DJ','RO');
INSERT INTO public.pprovince(id, name,residence, population, indicator,code) VALUES (19,'Galați','Galați',536167 ,'GL','RO');
INSERT INTO public.pprovince(id, name,residence, population, indicator,code) VALUES (20,'Giurgiu','Giurgiu',281422 ,'GR','RO');
INSERT INTO public.pprovince(id, name,residence, population, indicator,code) VALUES (21,'Gorj','Târgu Jiu',341594 ,'GJ','RO');
INSERT INTO public.pprovince(id, name,residence, population, indicator,code) VALUES (22,'Hunedoara','Deva',418565 ,'HD','RO');
INSERT INTO public.pprovince(id, name,residence, population, indicator,code) VALUES (23,'Ialomița','Slobozia',274148 ,'IL','RO');
INSERT INTO public.pprovince(id, name,residence, population, indicator,code) VALUES (24,'Iași','Iași',772348 ,'IS','RO');
INSERT INTO public.pprovince(id, name,residence, population, indicator,code) VALUES (25,'Ilfov','Buftea',388738 ,'IF','RO');
INSERT INTO public.pprovince(id, name,residence, population, indicator,code) VALUES (26,'Maramureș','Baia Mare',478659 ,'MM','RO');
INSERT INTO public.pprovince(id, name,residence, population, indicator,code) VALUES (27,'Mehedinți','Drobeta-Turnu Severin',265390 ,'MH','RO');
INSERT INTO public.pprovince(id, name,residence, population, indicator,code) VALUES (28,'Mureș','Târgu Mureș',550846 ,'MS','RO');
INSERT INTO public.pprovince(id, name,residence, population, indicator,code) VALUES (29,'Neamț','Piatra Neamț',470766 ,'NT','RO');
INSERT INTO public.pprovince(id, name,residence, population, indicator,code) VALUES (30,'Olt','Slatina',436400 ,'OT','RO');
INSERT INTO public.pprovince(id, name,residence, population, indicator,code) VALUES (31,'Prahova','Ploiești',762886 ,'PH','RO');
INSERT INTO public.pprovince(id, name,residence, population, indicator,code) VALUES (32,'Satu Mare','Satu Mare',344360 ,'SM','RO');
INSERT INTO public.pprovince(id, name,residence, population, indicator,code) VALUES (33,'Sălaj','Zalău',224384 ,'SJ','RO');
INSERT INTO public.pprovince(id, name,residence, population, indicator,code) VALUES (34,'Sibiu','Sibiu',397322 ,'SB','RO');
INSERT INTO public.pprovince(id, name,residence, population, indicator,code) VALUES (35,'Suceava','Suceava',634810, 'SV','RO');
INSERT INTO public.pprovince(id, name,residence, population, indicator,code) VALUES (36,'Teleorman','Alexandria',380123 ,'TR','RO');
INSERT INTO public.pprovince(id, name,residence, population, indicator,code) VALUES (37,'Timiș','Timișoara',683540 ,'TM','RO');
INSERT INTO public.pprovince(id, name,residence, population, indicator,code) VALUES (38,'Tulcea','Tulcea',213083 ,'TL','RO');
INSERT INTO public.pprovince(id, name,residence, population, indicator,code) VALUES (39,'Vaslui','Vaslui',395499 ,'VS','RO');
INSERT INTO public.pprovince(id, name,residence, population, indicator,code) VALUES (40,'Vâlcea','Râmnicu Vâlcea',371714 ,'VL','RO');
INSERT INTO public.pprovince(id, name,residence, population, indicator,code) VALUES (41,'Vrancea','Focșani',	340310 ,'VN','RO');
INSERT INTO public.pprovince(id, name,residence, population, indicator,code) VALUES (42,'Diaspora','Diaspora',5000000 ,'DS','DS');
INSERT INTO public.pprovince(id, name,residence, population, indicator,code) VALUES (43,'Harghita','Miercurea Ciuc',310867 ,'HR','RO');
COMMIT;



--Localitati
INSERT INTO public.plocality(id, name, typelocality, residence, id_province,sector)VALUES (1,'Aiud','MUNICIPALITY',FALSE,1,null);
INSERT INTO public.plocality(id, name, typelocality, residence, id_province,sector)VALUES (2,'Blaj','MUNICIPALITY',FALSE,1,null);
INSERT INTO public.plocality(id, name, typelocality, residence, id_province,sector)VALUES (3,'Sebeș','MUNICIPALITY',FALSE,1,null);
INSERT INTO public.plocality(id, name, typelocality, residence, id_province,sector)VALUES (4,'Alba Iulia','MUNICIPALITY',TRUE,1,null);
INSERT INTO public.plocality(id, name, typelocality, residence, id_province,sector)VALUES (5,'Abrud','CITY',FALSE,1,null);
INSERT INTO public.plocality(id, name, typelocality, residence, id_province,sector)VALUES (6,'Baia de Arieș','CITY',FALSE,1,null);
INSERT INTO public.plocality(id, name, typelocality, residence, id_province,sector)VALUES (7,'Câmpeni','CITY',FALSE,1,null);
INSERT INTO public.plocality(id, name, typelocality, residence, id_province,sector)VALUES (8,'Cugir','CITY',FALSE,1,null);
INSERT INTO public.plocality(id, name, typelocality, residence, id_province,sector)VALUES (9,'Ocna Mureș','CITY',FALSE,1,null);
INSERT INTO public.plocality(id, name, typelocality, residence, id_province,sector)VALUES (10,'Teiuș','CITY',FALSE,1,null);
INSERT INTO public.plocality(id, name, typelocality, residence, id_province,sector)VALUES (11,'Zlatna','CITY',FALSE,1,null);
INSERT INTO public.plocality(id, name, typelocality, residence, id_province,sector)VALUES (12,'Arad','MUNICIPALITY',TRUE,2,null);	
INSERT INTO public.plocality(id, name, typelocality, residence, id_province,sector)VALUES (13,'Chișineu-Criș','CITY',FALSE,2,null);	
INSERT INTO public.plocality(id, name, typelocality, residence, id_province,sector)VALUES (14,'Curtici','CITY',FALSE,2,null);	
INSERT INTO public.plocality(id, name, typelocality, residence, id_province,sector)VALUES (15,'Ineu','CITY',FALSE,2,null);	
INSERT INTO public.plocality(id, name, typelocality, residence, id_province,sector)VALUES (16,'Lipova','CITY',FALSE,2,null);	
INSERT INTO public.plocality(id, name, typelocality, residence, id_province,sector)VALUES (17,'Pâncota','CITY',FALSE,2,null);	
INSERT INTO public.plocality(id, name, typelocality, residence, id_province,sector)VALUES (18,'Pecica','CITY',FALSE,2,null);	
INSERT INTO public.plocality(id, name, typelocality, residence, id_province,sector)VALUES (19,'Sântana','CITY',FALSE,2,null);	
INSERT INTO public.plocality(id, name, typelocality, residence, id_province,sector)VALUES (20,'Sebiș','CITY',FALSE,2,null);	
INSERT INTO public.plocality(id, name, typelocality, residence, id_province,sector)VALUES (21,'Nădlac','CITY',TRUE,2,null);	
INSERT INTO public.plocality(id, name, typelocality, residence, id_province,sector)VALUES (22,'Câmpulung','CITY',FALSE,3,null);	
INSERT INTO public.plocality(id, name, typelocality, residence, id_province,sector)VALUES (23,'Costești','CITY',FALSE,3,null);	
INSERT INTO public.plocality(id, name, typelocality, residence, id_province,sector)VALUES (24,'Curtea de Argeș','CITY',FALSE,3,null);	
INSERT INTO public.plocality(id, name, typelocality, residence, id_province,sector)VALUES (25,'Mioveni','CITY',FALSE,3,null);	
INSERT INTO public.plocality(id, name, typelocality, residence, id_province,sector)VALUES (26,'Pitești','CITY',TRUE,3,null);
INSERT INTO public.plocality(id, name, typelocality, residence, id_province,sector)VALUES (27,'Stefanesti','CITY',FALSE,3,null);	
INSERT INTO public.plocality(id, name, typelocality, residence, id_province,sector)VALUES (28,'Topoloveni','CITY',FALSE,3,null);	
INSERT INTO public.plocality(id, name, typelocality, residence, id_province,sector)VALUES (29,'Bacău','MUNICIPALITY',TRUE,4,null);	
INSERT INTO public.plocality(id, name, typelocality, residence, id_province,sector)VALUES (30,'Buhusi','CITY',FALSE,4,null);	
INSERT INTO public.plocality(id, name, typelocality, residence, id_province,sector)VALUES (31,'Comanesti','CITY',FALSE,4,null);	
INSERT INTO public.plocality(id, name, typelocality, residence, id_province,sector)VALUES (32,'Darmanesti','CITY',FALSE,4,null);
INSERT INTO public.plocality(id, name, typelocality, residence, id_province,sector)VALUES (33,'Moinesti','CITY',FALSE,4,null);	
INSERT INTO public.plocality(id, name, typelocality, residence, id_province,sector)VALUES (34,'Onești','CITY',FALSE,4,null);	
INSERT INTO public.plocality(id, name, typelocality, residence, id_province,sector)VALUES (35,'Slănic-Moldova','CITY',FALSE,4,null);	
INSERT INTO public.plocality(id, name, typelocality, residence, id_province,sector)VALUES (36,'Târgu Ocna','CITY',FALSE,4,null);	
INSERT INTO public.plocality(id, name, typelocality, residence, id_province,sector)VALUES (37,'Beiuș','MUNICIPALITY',FALSE,5,null);
INSERT INTO public.plocality(id, name, typelocality, residence, id_province,sector)VALUES (38,'Marghita','MUNICIPALITY',FALSE,5,null);	
INSERT INTO public.plocality(id, name, typelocality, residence, id_province,sector)VALUES (39,'Salonta','MUNICIPALITY',FALSE,5,null);	
INSERT INTO public.plocality(id, name, typelocality, residence, id_province,sector)VALUES (40,'Oradea','MUNICIPALITY',TRUE,5,null);	
INSERT INTO public.plocality(id, name, typelocality, residence, id_province,sector)VALUES (41,'Aleșd','CITY',FALSE,5,null);	
INSERT INTO public.plocality(id, name, typelocality, residence, id_province,sector)VALUES (42,'Nucet','CITY',FALSE,5,null);	
INSERT INTO public.plocality(id, name, typelocality, residence, id_province,sector)VALUES (43,'Săcueni','CITY',FALSE,5,null);	
INSERT INTO public.plocality(id, name, typelocality, residence, id_province,sector)VALUES (44,'Valea lui Mihai','CITY',FALSE,5,null);	
INSERT INTO public.plocality(id, name, typelocality, residence, id_province,sector)VALUES (45,'Vașcău','CITY',FALSE,5,null);
INSERT INTO public.plocality(id, name, typelocality, residence, id_province,sector)VALUES (46,'Ștei','CITY',FALSE,5,null);	
INSERT INTO public.plocality(id, name, typelocality, residence, id_province,sector)VALUES (47,'Beclean','CITY',FALSE,6,null);	
INSERT INTO public.plocality(id, name, typelocality, residence, id_province,sector)VALUES (48,'Bistrița','MUNICIPALITY',TRUE,6,null);	
INSERT INTO public.plocality(id, name, typelocality, residence, id_province,sector)VALUES (49,'Năsăud','CITY',FALSE,6,null);	
INSERT INTO public.plocality(id, name, typelocality, residence, id_province,sector)VALUES (50,'Sângeorz Băi','CITY',FALSE,6,null);
INSERT INTO public.plocality(id, name, typelocality, residence, id_province,sector)VALUES (51,'Dorohoi','MUNICIPALITY',FALSE,7,null);	
INSERT INTO public.plocality(id, name, typelocality, residence, id_province,sector)VALUES (52,'Botoșani','MUNICIPALITY',TRUE,7,null);
INSERT INTO public.plocality(id, name, typelocality, residence, id_province,sector)VALUES (53,'Bucecea','CITY',FALSE,7,null);	
INSERT INTO public.plocality(id, name, typelocality, residence, id_province,sector)VALUES (54,'Darabani','CITY',FALSE,7,null);
INSERT INTO public.plocality(id, name, typelocality, residence, id_province,sector)VALUES (55,'Flămânzi','CITY',FALSE,7,null);	
INSERT INTO public.plocality(id, name, typelocality, residence, id_province,sector)VALUES (56,'Săveni','CITY',FALSE,7,null);
INSERT INTO public.plocality(id, name, typelocality, residence, id_province,sector)VALUES (57,'Ștefănești','CITY',FALSE,7,null);	
INSERT INTO public.plocality(id, name, typelocality, residence, id_province,sector)VALUES (58,'Codlea','MUNICIPALITY',FALSE,8,null);
INSERT INTO public.plocality(id, name, typelocality, residence, id_province,sector)VALUES (59,'Făgăraș','MUNICIPALITY',FALSE,8,null);
INSERT INTO public.plocality(id, name, typelocality, residence, id_province,sector)VALUES (60,'Săcele','MUNICIPALITY',FALSE,8,null);
INSERT INTO public.plocality(id, name, typelocality, residence, id_province,sector)VALUES (61,'Brașov','MUNICIPALITY',TRUE,8,null);
INSERT INTO public.plocality(id, name, typelocality, residence, id_province,sector)VALUES (62,'Ghimbav','CITY',FALSE,8,null);
INSERT INTO public.plocality(id, name, typelocality, residence, id_province,sector)VALUES (63,'Predeal','CITY',FALSE,8,null);
INSERT INTO public.plocality(id, name, typelocality, residence, id_province,sector)VALUES (64,'Râșnov','CITY',FALSE,8,null);
INSERT INTO public.plocality(id, name, typelocality, residence, id_province,sector)VALUES (65,'Rupea','CITY',FALSE,8,null);
INSERT INTO public.plocality(id, name, typelocality, residence, id_province,sector)VALUES (66,'Victoria','CITY',FALSE,8,null);
INSERT INTO public.plocality(id, name, typelocality, residence, id_province,sector)VALUES (67,'Zărnești','CITY',FALSE,8,null);
INSERT INTO public.plocality(id, name, typelocality, residence, id_province,sector)VALUES (68,'Brăila','MUNICIPALITY',TRUE,9,null);
INSERT INTO public.plocality(id, name, typelocality, residence, id_province,sector)VALUES (69,'Făurei','CITY',FALSE,9,null);
INSERT INTO public.plocality(id, name, typelocality, residence, id_province,sector)VALUES (70,'Ianca','CITY',FALSE,9,null);
INSERT INTO public.plocality(id, name, typelocality, residence, id_province,sector)VALUES (71,'Însurăței','CITY',FALSE,9,null);
INSERT INTO public.plocality(id, name, typelocality, residence, id_province,sector)VALUES (72,'București','SECTOR',TRUE,10,'Sector 1');
INSERT INTO public.plocality(id, name, typelocality, residence, id_province,sector)VALUES (73,'București','SECTOR',TRUE,10,'Sector 2');
INSERT INTO public.plocality(id, name, typelocality, residence, id_province,sector)VALUES (74,'București','SECTOR',TRUE,10,'Sector 3');
INSERT INTO public.plocality(id, name, typelocality, residence, id_province,sector)VALUES (75,'București','SECTOR',TRUE,10,'Sector 4');
INSERT INTO public.plocality(id, name, typelocality, residence, id_province,sector)VALUES (76,'București','SECTOR',TRUE,10,'Sector 5');
INSERT INTO public.plocality(id, name, typelocality, residence, id_province,sector)VALUES (77,'București','SECTOR',TRUE,10,'Sector 6');
INSERT INTO public.plocality(id, name, typelocality, residence, id_province,sector)VALUES (78,'București','MUNICIPALITY',TRUE,10,null);
INSERT INTO public.plocality(id, name, typelocality, residence, id_province,sector)VALUES (79,'Râmnicu Sărat','MUNICIPALITY',FALSE,11,null);
INSERT INTO public.plocality(id, name, typelocality, residence, id_province,sector)VALUES (80,'Buzău','MUNICIPALITY',TRUE,11,null);
INSERT INTO public.plocality(id, name, typelocality, residence, id_province,sector)VALUES (81,'Nehoiu','CITY',FALSE,11,null);
INSERT INTO public.plocality(id, name, typelocality, residence, id_province,sector)VALUES (82,'Pogoanele','CITY',FALSE,11,null);
INSERT INTO public.plocality(id, name, typelocality, residence, id_province,sector)VALUES (83,'Pătârlagele','CITY',FALSE,11,null);
INSERT INTO public.plocality(id, name, typelocality, residence, id_province,sector)VALUES (84,'Caransebeș','MUNICIPALITY',FALSE,12,null);
INSERT INTO public.plocality(id, name, typelocality, residence, id_province,sector)VALUES (85,'Reșița','MUNICIPALITY',TRUE,12,null);
INSERT INTO public.plocality(id, name, typelocality, residence, id_province,sector)VALUES (86,'Anina','CITY',FALSE,12,null);
INSERT INTO public.plocality(id, name, typelocality, residence, id_province,sector)VALUES (87,'Băile Herculane','CITY',FALSE,12,null);
INSERT INTO public.plocality(id, name, typelocality, residence, id_province,sector)VALUES (88,'Bocșa','CITY',FALSE,12,null);
INSERT INTO public.plocality(id, name, typelocality, residence, id_province,sector)VALUES (89,'Moldova Nouă','CITY',FALSE,12,null);
INSERT INTO public.plocality(id, name, typelocality, residence, id_province,sector)VALUES (90,'Oravița','CITY',FALSE,12,null);
INSERT INTO public.plocality(id, name, typelocality, residence, id_province,sector)VALUES (91,'Oțelu Roșu','CITY',FALSE,12,null);
INSERT INTO public.plocality(id, name, typelocality, residence, id_province,sector)VALUES (92,'Oltenița','MUNICIPALITY',FALSE,13,null);
INSERT INTO public.plocality(id, name, typelocality, residence, id_province,sector)VALUES (93,'Călărași','MUNICIPALITY',TRUE,13,null);
INSERT INTO public.plocality(id, name, typelocality, residence, id_province,sector)VALUES (94,'Budești','CITY',FALSE,13,null);
INSERT INTO public.plocality(id, name, typelocality, residence, id_province,sector)VALUES (95,'Fundulea','CITY',FALSE,13,null);
INSERT INTO public.plocality(id, name, typelocality, residence, id_province,sector)VALUES (96,'Lehliu Gară','CITY',FALSE,13,null);
INSERT INTO public.plocality(id, name, typelocality, residence, id_province,sector)VALUES (97,'Câmpia Turzii','MUNICIPALITY',FALSE,14,null);
INSERT INTO public.plocality(id, name, typelocality, residence, id_province,sector)VALUES (98,'Dej','MUNICIPALITY',FALSE,14,null);
INSERT INTO public.plocality(id, name, typelocality, residence, id_province,sector)VALUES (99,'Gherla','MUNICIPALITY',TRUE,14,null);
INSERT INTO public.plocality(id, name, typelocality, residence, id_province,sector)VALUES (100,'Turda','MUNICIPALITY',TRUE,14,null);
INSERT INTO public.plocality(id, name, typelocality, residence, id_province,sector)VALUES (101,'Cluj-Napoca','MUNICIPALITY',TRUE,14,null);
INSERT INTO public.plocality(id, name, typelocality, residence, id_province,sector)VALUES (102,'Huedin','CITY',FALSE,14,null);
INSERT INTO public.plocality(id, name, typelocality, residence, id_province,sector)VALUES (103,'Mangalia','MUNICIPALITY',FALSE,15,null);
INSERT INTO public.plocality(id, name, typelocality, residence, id_province,sector)VALUES (104,'Medgidia','MUNICIPALITY',FALSE,15,null);
INSERT INTO public.plocality(id, name, typelocality, residence, id_province,sector)VALUES (105,'Constanța','MUNICIPALITY',TRUE,15,null);
INSERT INTO public.plocality(id, name, typelocality, residence, id_province,sector)VALUES (106,'Băneasa','CITY',FALSE,15,null);
INSERT INTO public.plocality(id, name, typelocality, residence, id_province,sector)VALUES (107,'Cernavodă','CITY',FALSE,15,null);
INSERT INTO public.plocality(id, name, typelocality, residence, id_province,sector)VALUES (108,'Eforie','CITY',FALSE,15,null);
INSERT INTO public.plocality(id, name, typelocality, residence, id_province,sector)VALUES (109,'Hârșova','CITY',FALSE,15,null);
INSERT INTO public.plocality(id, name, typelocality, residence, id_province,sector)VALUES (110,'Murfatlar','CITY',FALSE,15,null);
INSERT INTO public.plocality(id, name, typelocality, residence, id_province,sector)VALUES (111,'Năvodari','CITY',FALSE,15,null);
INSERT INTO public.plocality(id, name, typelocality, residence, id_province,sector)VALUES (112,'Negru Vodă','CITY',FALSE,15,null);
INSERT INTO public.plocality(id, name, typelocality, residence, id_province,sector)VALUES (113,'Ovidiu','CITY',FALSE,15,null);
INSERT INTO public.plocality(id, name, typelocality, residence, id_province,sector)VALUES (114,'Techirghiol','CITY',FALSE,15,null);
INSERT INTO public.plocality(id, name, typelocality, residence, id_province,sector)VALUES (115,'Târgu Secuiesc','MUNICIPALITY',FALSE,16,null);
INSERT INTO public.plocality(id, name, typelocality, residence, id_province,sector)VALUES (116,'Sfântu Gheorghe','MUNICIPALITY',TRUE,16,null);
INSERT INTO public.plocality(id, name, typelocality, residence, id_province,sector)VALUES (117,'Baraolt','CITY',FALSE,16,null);
INSERT INTO public.plocality(id, name, typelocality, residence, id_province,sector)VALUES (118,'Covasna','CITY',FALSE,16,null);
INSERT INTO public.plocality(id, name, typelocality, residence, id_province,sector)VALUES (119,'Întorsura Buzăului','CITY',FALSE,16,null);
INSERT INTO public.plocality(id, name, typelocality, residence, id_province,sector)VALUES (120,'Moreni','MUNICIPALITY',FALSE,17,null);
INSERT INTO public.plocality(id, name, typelocality, residence, id_province,sector)VALUES (121,'Târgoviște','MUNICIPALITY',TRUE,17,null);
INSERT INTO public.plocality(id, name, typelocality, residence, id_province,sector)VALUES (122,'Fieni','CITY',FALSE,17,null);
INSERT INTO public.plocality(id, name, typelocality, residence, id_province,sector)VALUES (123,'Găești','CITY',FALSE,17,null);
INSERT INTO public.plocality(id, name, typelocality, residence, id_province,sector)VALUES (124,'Pucioasa','CITY',FALSE,17,null);
INSERT INTO public.plocality(id, name, typelocality, residence, id_province,sector)VALUES (125,'Răcari','CITY',FALSE,17,null);
INSERT INTO public.plocality(id, name, typelocality, residence, id_province,sector)VALUES (126,'Titu','CITY',FALSE,17,null);
INSERT INTO public.plocality(id, name, typelocality, residence, id_province,sector)VALUES (127,'Băilești','MUNICIPALITY',FALSE,18,null);
INSERT INTO public.plocality(id, name, typelocality, residence, id_province,sector)VALUES (128,'Calafat','MUNICIPALITY',FALSE,18,null);
INSERT INTO public.plocality(id, name, typelocality, residence, id_province,sector)VALUES (129,'Craiova','MUNICIPALITY',TRUE,18,null);
INSERT INTO public.plocality(id, name, typelocality, residence, id_province,sector)VALUES (130,'Bechet','CITY',FALSE,18,null);
INSERT INTO public.plocality(id, name, typelocality, residence, id_province,sector)VALUES (131,'Dăbuleni','CITY',FALSE,18,null);
INSERT INTO public.plocality(id, name, typelocality, residence, id_province,sector)VALUES (132,'Filiași','CITY',FALSE,18,null);
INSERT INTO public.plocality(id, name, typelocality, residence, id_province,sector)VALUES (133,'Segarcea','CITY',FALSE,18,null);
INSERT INTO public.plocality(id, name, typelocality, residence, id_province,sector)VALUES (134,'Tecuci','MUNICIPALITY',FALSE,19,null);
INSERT INTO public.plocality(id, name, typelocality, residence, id_province,sector)VALUES (135,'Galați','MUNICIPALITY',TRUE,19,null);
INSERT INTO public.plocality(id, name, typelocality, residence, id_province,sector)VALUES (136,'Berești','CITY',FALSE,19,null);
INSERT INTO public.plocality(id, name, typelocality, residence, id_province,sector)VALUES (137,'Târgu Bujor','CITY',FALSE,19,null);
INSERT INTO public.plocality(id, name, typelocality, residence, id_province,sector)VALUES (138,'Giurgiu','MUNICIPALITY',TRUE,20,null);
INSERT INTO public.plocality(id, name, typelocality, residence, id_province,sector)VALUES (139,'Bolintin-Vale','CITY',FALSE,20,null);
INSERT INTO public.plocality(id, name, typelocality, residence, id_province,sector)VALUES (140,'Mihăilești','CITY',FALSE,20,null);
INSERT INTO public.plocality(id, name, typelocality, residence, id_province,sector)VALUES (141,'Motru','MUNICIPALITY',FALSE,21,null);
INSERT INTO public.plocality(id, name, typelocality, residence, id_province,sector)VALUES (142,'Târgu Jiu','MUNICIPALITY',TRUE,21,null);
INSERT INTO public.plocality(id, name, typelocality, residence, id_province,sector)VALUES (143,'Bumbești-Jiu','CITY',FALSE,21,null);
INSERT INTO public.plocality(id, name, typelocality, residence, id_province,sector)VALUES (144,'Novaci','CITY',FALSE,21,null);
INSERT INTO public.plocality(id, name, typelocality, residence, id_province,sector)VALUES (145,'Rovinari','CITY',FALSE,21,null);
INSERT INTO public.plocality(id, name, typelocality, residence, id_province,sector)VALUES (146,'Târgu Cărbunești','CITY',FALSE,21,null);
INSERT INTO public.plocality(id, name, typelocality, residence, id_province,sector)VALUES (147,'Tismana','CITY',FALSE,21,null);
INSERT INTO public.plocality(id, name, typelocality, residence, id_province,sector)VALUES (148,'Turceni','CITY',FALSE,21,null);
INSERT INTO public.plocality(id, name, typelocality, residence, id_province,sector)VALUES (149,'Țicleni','CITY',FALSE,21,null);
INSERT INTO public.plocality(id, name, typelocality, residence, id_province,sector)VALUES (150,'Brad','MUNICIPALITY',FALSE,22,null);
INSERT INTO public.plocality(id, name, typelocality, residence, id_province,sector)VALUES (151,'Hunedoara','MUNICIPALITY',FALSE,22,null);
INSERT INTO public.plocality(id, name, typelocality, residence, id_province,sector)VALUES (152,'Lupeni','MUNICIPALITY',FALSE,22,null);
INSERT INTO public.plocality(id, name, typelocality, residence, id_province,sector)VALUES (153,'Orăștie','MUNICIPALITY',FALSE,22,null);
INSERT INTO public.plocality(id, name, typelocality, residence, id_province,sector)VALUES (154,'Petroșani','MUNICIPALITY',FALSE,22,null);
INSERT INTO public.plocality(id, name, typelocality, residence, id_province,sector)VALUES (155,'Vulcan','MUNICIPALITY',FALSE,22,null);
INSERT INTO public.plocality(id, name, typelocality, residence, id_province,sector)VALUES (156,'Deva','MUNICIPALITY',TRUE,22,null);
INSERT INTO public.plocality(id, name, typelocality, residence, id_province,sector)VALUES (157,'Aninoasa','CITY',FALSE,22,null);
INSERT INTO public.plocality(id, name, typelocality, residence, id_province,sector)VALUES (158,'Călan','CITY',FALSE,22,null);
INSERT INTO public.plocality(id, name, typelocality, residence, id_province,sector)VALUES (159,'Geoagiu','CITY',FALSE,22,null);
INSERT INTO public.plocality(id, name, typelocality, residence, id_province,sector)VALUES (160,'Hațeg','CITY',FALSE,22,null);
INSERT INTO public.plocality(id, name, typelocality, residence, id_province,sector)VALUES (161,'Petrila','CITY',FALSE,22,null);
INSERT INTO public.plocality(id, name, typelocality, residence, id_province,sector)VALUES (162,'Simeria','CITY',FALSE,22,null);
INSERT INTO public.plocality(id, name, typelocality, residence, id_province,sector)VALUES (163,'Uricani','CITY',FALSE,22,null);
INSERT INTO public.plocality(id, name, typelocality, residence, id_province,sector)VALUES (164,'Fetești','MUNICIPALITY',FALSE,23,null);
INSERT INTO public.plocality(id, name, typelocality, residence, id_province,sector)VALUES (165,'Urziceni','MUNICIPALITY',FALSE,23,null);
INSERT INTO public.plocality(id, name, typelocality, residence, id_province,sector)VALUES (166,'Slobozia','MUNICIPALITY',TRUE,23,null);
INSERT INTO public.plocality(id, name, typelocality, residence, id_province,sector)VALUES (167,'Amara','CITY',FALSE,23,null);
INSERT INTO public.plocality(id, name, typelocality, residence, id_province,sector)VALUES (168,'Căzănești','CITY',FALSE,23,null);
INSERT INTO public.plocality(id, name, typelocality, residence, id_province,sector)VALUES (169,'Fierbinți-Târg','CITY',FALSE,23,null);
INSERT INTO public.plocality(id, name, typelocality, residence, id_province,sector)VALUES (170,'Țăndărei','CITY',FALSE,23,null);
INSERT INTO public.plocality(id, name, typelocality, residence, id_province,sector)VALUES (171,'Pașcani','MUNICIPALITY',FALSE,24,null);
INSERT INTO public.plocality(id, name, typelocality, residence, id_province,sector)VALUES (172,'Iași','MUNICIPALITY',TRUE,24,null);
INSERT INTO public.plocality(id, name, typelocality, residence, id_province,sector)VALUES (173,'Hârlău','CITY',FALSE,24,null);
INSERT INTO public.plocality(id, name, typelocality, residence, id_province,sector)VALUES (174,'Podu Iloaiei','CITY',FALSE,24,null);
INSERT INTO public.plocality(id, name, typelocality, residence, id_province,sector)VALUES (175,'Târgu Frumos','CITY',FALSE,24,null);
INSERT INTO public.plocality(id, name, typelocality, residence, id_province,sector)VALUES (176,'Bragadiru','CITY',FALSE,25,null);
INSERT INTO public.plocality(id, name, typelocality, residence, id_province,sector)VALUES (177,'Buftea','CITY',FALSE,25,null);
INSERT INTO public.plocality(id, name, typelocality, residence, id_province,sector)VALUES (178,'Chitila','CITY',FALSE,25,null);
INSERT INTO public.plocality(id, name, typelocality, residence, id_province,sector)VALUES (179,'jpgMăgurele','CITY',FALSE,25,null);
INSERT INTO public.plocality(id, name, typelocality, residence, id_province,sector)VALUES (180,'Otopeni','CITY',FALSE,25,null);
INSERT INTO public.plocality(id, name, typelocality, residence, id_province,sector)VALUES (181,'Pantelimon','CITY',FALSE,25,null);
INSERT INTO public.plocality(id, name, typelocality, residence, id_province,sector)VALUES (182,'Popești-Leordeni','CITY',FALSE,25,null);
INSERT INTO public.plocality(id, name, typelocality, residence, id_province,sector)VALUES (183,'Voluntari','CITY',FALSE,25,null);
INSERT INTO public.plocality(id, name, typelocality, residence, id_province,sector)VALUES (184,'Sighetu Marmației','MUNICIPALITY',FALSE,26,null);
INSERT INTO public.plocality(id, name, typelocality, residence, id_province,sector)VALUES (185,'Baia Mare','MUNICIPALITY',TRUE,26,null);
INSERT INTO public.plocality(id, name, typelocality, residence, id_province,sector)VALUES (186,'Baia Sprie','CITY',FALSE,26,null);
INSERT INTO public.plocality(id, name, typelocality, residence, id_province,sector)VALUES (187,'Borșa','CITY',FALSE,26,null);
INSERT INTO public.plocality(id, name, typelocality, residence, id_province,sector)VALUES (188,'Cavnic','CITY',FALSE,26,null);
INSERT INTO public.plocality(id, name, typelocality, residence, id_province,sector)VALUES (189,'Dragomirești','CITY',FALSE,26,null);
INSERT INTO public.plocality(id, name, typelocality, residence, id_province,sector)VALUES (190,'Săliștea de Sus','CITY',FALSE,26,null);
INSERT INTO public.plocality(id, name, typelocality, residence, id_province,sector)VALUES (191,'Seini','CITY',FALSE,26,null);
INSERT INTO public.plocality(id, name, typelocality, residence, id_province,sector)VALUES (192,'Șomcuta Mare','CITY',FALSE,26,null);
INSERT INTO public.plocality(id, name, typelocality, residence, id_province,sector)VALUES (193,'Tăuții-Măgherăuș','CITY',FALSE,26,null);
INSERT INTO public.plocality(id, name, typelocality, residence, id_province,sector)VALUES (194,'Târgu Lăpuș','CITY',FALSE,26,null);
INSERT INTO public.plocality(id, name, typelocality, residence, id_province,sector)VALUES (195,'Ulmeni','CITY',FALSE,26,null);
INSERT INTO public.plocality(id, name, typelocality, residence, id_province,sector)VALUES (196,'Vișeu de Sus','CITY',FALSE,26,null);
INSERT INTO public.plocality(id, name, typelocality, residence, id_province,sector)VALUES (197,'Orșova','MUNICIPALITY',FALSE,27,null);
INSERT INTO public.plocality(id, name, typelocality, residence, id_province,sector)VALUES (198,'Drobeta-Turnu Severin','MUNICIPALITY',TRUE,27,null);
INSERT INTO public.plocality(id, name, typelocality, residence, id_province,sector)VALUES (199,'Baia de Aramă','CITY',FALSE,27,null);
INSERT INTO public.plocality(id, name, typelocality, residence, id_province,sector)VALUES (200,'Strehaia','CITY',FALSE,27,null);
INSERT INTO public.plocality(id, name, typelocality, residence, id_province,sector)VALUES (201,'Reghin','MUNICIPALITY',FALSE,28,null);
INSERT INTO public.plocality(id, name, typelocality, residence, id_province,sector)VALUES (202,'Sighișoara','MUNICIPALITY',FALSE,28,null);
INSERT INTO public.plocality(id, name, typelocality, residence, id_province,sector)VALUES (203,'Târnăveni','MUNICIPALITY',FALSE,28,null);
INSERT INTO public.plocality(id, name, typelocality, residence, id_province,sector)VALUES (204,'Târgu Mureș','MUNICIPALITY',TRUE,28,null);
INSERT INTO public.plocality(id, name, typelocality, residence, id_province,sector)VALUES (205,'Iernut','CITY',FALSE,28,null);
INSERT INTO public.plocality(id, name, typelocality, residence, id_province,sector)VALUES (206,'Luduș','CITY',FALSE,28,null);
INSERT INTO public.plocality(id, name, typelocality, residence, id_province,sector)VALUES (207,'Miercurea Nirajului','CITY',FALSE,28,null);
INSERT INTO public.plocality(id, name, typelocality, residence, id_province,sector)VALUES (208,'Sovata','CITY',FALSE,28,null);
INSERT INTO public.plocality(id, name, typelocality, residence, id_province,sector)VALUES (209,'Sângeorgiu de Pădure','CITY',FALSE,28,null);
INSERT INTO public.plocality(id, name, typelocality, residence, id_province,sector)VALUES (210,'Sărmașu','CITY',FALSE,28,null);
INSERT INTO public.plocality(id, name, typelocality, residence, id_province,sector)VALUES (211,'Ungheni','CITY',FALSE,28,null);
INSERT INTO public.plocality(id, name, typelocality, residence, id_province,sector)VALUES (212,'Roman','MUNICIPALITY',FALSE,29,null);
INSERT INTO public.plocality(id, name, typelocality, residence, id_province,sector)VALUES (213,'Piatra Neamț','MUNICIPALITY',TRUE,29,null);
INSERT INTO public.plocality(id, name, typelocality, residence, id_province,sector)VALUES (214,'Bicaz','CITY',FALSE,29,null);
INSERT INTO public.plocality(id, name, typelocality, residence, id_province,sector)VALUES (215,'Roznov','CITY',FALSE,29,null);
INSERT INTO public.plocality(id, name, typelocality, residence, id_province,sector)VALUES (216,'Târgu Neamț','CITY',FALSE,29,null);
INSERT INTO public.plocality(id, name, typelocality, residence, id_province,sector)VALUES (217,'Caracal','MUNICIPALITY',FALSE,30,null);
INSERT INTO public.plocality(id, name, typelocality, residence, id_province,sector)VALUES (218,'Slatina','MUNICIPALITY',TRUE,30,null);
INSERT INTO public.plocality(id, name, typelocality, residence, id_province,sector)VALUES (219,'Balș','CITY',FALSE,30,null);
INSERT INTO public.plocality(id, name, typelocality, residence, id_province,sector)VALUES (220,'Corabia','CITY',FALSE,30,null);
INSERT INTO public.plocality(id, name, typelocality, residence, id_province,sector)VALUES (221,'Drăgănești-Olt','CITY',FALSE,30,null);
INSERT INTO public.plocality(id, name, typelocality, residence, id_province,sector)VALUES (222,'Piatra-Olt','CITY',FALSE,30,null);
INSERT INTO public.plocality(id, name, typelocality, residence, id_province,sector)VALUES (223,'Potcoava','CITY',FALSE,30,null);
INSERT INTO public.plocality(id, name, typelocality, residence, id_province,sector)VALUES (224,'Scornicești','CITY',FALSE,30,null);
INSERT INTO public.plocality(id, name, typelocality, residence, id_province,sector)VALUES (225,'Câmpina','MUNICIPALITY',FALSE,31,null);
INSERT INTO public.plocality(id, name, typelocality, residence, id_province,sector)VALUES (226,'Ploiești','MUNICIPALITY',TRUE,31,null);
INSERT INTO public.plocality(id, name, typelocality, residence, id_province,sector)VALUES (227,'Azuga','CITY',FALSE,31,null);
INSERT INTO public.plocality(id, name, typelocality, residence, id_province,sector)VALUES (228,'Băicoi','CITY',FALSE,31,null);
INSERT INTO public.plocality(id, name, typelocality, residence, id_province,sector)VALUES (229,'Boldești-Scăeni','CITY',FALSE,31,null);
INSERT INTO public.plocality(id, name, typelocality, residence, id_province,sector)VALUES (230,'Breaza','CITY',FALSE,31,null);
INSERT INTO public.plocality(id, name, typelocality, residence, id_province,sector)VALUES (231,'Bușteni','CITY',FALSE,31,null);
INSERT INTO public.plocality(id, name, typelocality, residence, id_province,sector)VALUES (232,'Comarnic','CITY',FALSE,31,null);
INSERT INTO public.plocality(id, name, typelocality, residence, id_province,sector)VALUES (233,'Mizil','CITY',FALSE,31,null);
INSERT INTO public.plocality(id, name, typelocality, residence, id_province,sector)VALUES (234,'Plopeni','CITY',FALSE,31,null);
INSERT INTO public.plocality(id, name, typelocality, residence, id_province,sector)VALUES (235,'Sinaia','CITY',FALSE,31,null);
INSERT INTO public.plocality(id, name, typelocality, residence, id_province,sector)VALUES (236,'Slănic','CITY',FALSE,31,null);
INSERT INTO public.plocality(id, name, typelocality, residence, id_province,sector)VALUES (237,'Urlați','CITY',FALSE,31,null);
INSERT INTO public.plocality(id, name, typelocality, residence, id_province,sector)VALUES (238,'Vălenii de Munte','CITY',FALSE,31,null);
INSERT INTO public.plocality(id, name, typelocality, residence, id_province,sector)VALUES (239,'Carei','MUNICIPALITY',FALSE,32,null);
INSERT INTO public.plocality(id, name, typelocality, residence, id_province,sector)VALUES (240,'Satu Mare','MUNICIPALITY',TRUE,32,null);
INSERT INTO public.plocality(id, name, typelocality, residence, id_province,sector)VALUES (241,'Ardud','CITY',FALSE,32,null);
INSERT INTO public.plocality(id, name, typelocality, residence, id_province,sector)VALUES (242,'Livada','CITY',FALSE,32,null);
INSERT INTO public.plocality(id, name, typelocality, residence, id_province,sector)VALUES (243,'Negrești-Oaș','CITY',FALSE,32,null);
INSERT INTO public.plocality(id, name, typelocality, residence, id_province,sector)VALUES (244,'Tășnad','CITY',FALSE,32,null);
INSERT INTO public.plocality(id, name, typelocality, residence, id_province,sector)VALUES (245,'Zalău','MUNICIPALITY',TRUE,33,null);
INSERT INTO public.plocality(id, name, typelocality, residence, id_province,sector)VALUES (246,'Cehu Silvaniei','CITY',FALSE,33,null);
INSERT INTO public.plocality(id, name, typelocality, residence, id_province,sector)VALUES (247,'Jibou','CITY',FALSE,33,null);
INSERT INTO public.plocality(id, name, typelocality, residence, id_province,sector)VALUES (248,'Șimleu Silvaniei','CITY',FALSE,33,null);
INSERT INTO public.plocality(id, name, typelocality, residence, id_province,sector)VALUES (249,'Mediaș','MUNICIPALITY',FALSE,34,null);
INSERT INTO public.plocality(id, name, typelocality, residence, id_province,sector)VALUES (250,'Sibiu','MUNICIPALITY',TRUE,34,null);
INSERT INTO public.plocality(id, name, typelocality, residence, id_province,sector)VALUES (251,'Agnita','CITY',FALSE,34,null);
INSERT INTO public.plocality(id, name, typelocality, residence, id_province,sector)VALUES (252,'Avrig','CITY',FALSE,34,null);
INSERT INTO public.plocality(id, name, typelocality, residence, id_province,sector)VALUES (253,'Cisnădie','CITY',FALSE,34,null);
INSERT INTO public.plocality(id, name, typelocality, residence, id_province,sector)VALUES (254,'Copșa Mică','CITY',FALSE,34,null);
INSERT INTO public.plocality(id, name, typelocality, residence, id_province,sector)VALUES (255,'Dumbrăveni','CITY',FALSE,34,null);
INSERT INTO public.plocality(id, name, typelocality, residence, id_province,sector)VALUES (256,'Miercurea Sibiului','CITY',FALSE,34,null);
INSERT INTO public.plocality(id, name, typelocality, residence, id_province,sector)VALUES (257,'Ocna Sibiului','CITY',FALSE,34,null);
INSERT INTO public.plocality(id, name, typelocality, residence, id_province,sector)VALUES (258,'Săliște','CITY',FALSE,34,null);
INSERT INTO public.plocality(id, name, typelocality, residence, id_province,sector)VALUES (259,'Tălmaciu','CITY',FALSE,34,null);
INSERT INTO public.plocality(id, name, typelocality, residence, id_province,sector)VALUES (260,'Câmpulung Moldovenesc','MUNICIPALITY',FALSE,35,null);
INSERT INTO public.plocality(id, name, typelocality, residence, id_province,sector)VALUES (261,'Fălticeni','MUNICIPALITY',FALSE,35,null);
INSERT INTO public.plocality(id, name, typelocality, residence, id_province,sector)VALUES (262,'Rădăuți','MUNICIPALITY',FALSE,35,null);
INSERT INTO public.plocality(id, name, typelocality, residence, id_province,sector)VALUES (263,'Vatra Dornei','MUNICIPALITY',FALSE,35,null);
INSERT INTO public.plocality(id, name, typelocality, residence, id_province,sector)VALUES (264,'Suceava','MUNICIPALITY',TRUE,35,null);
INSERT INTO public.plocality(id, name, typelocality, residence, id_province,sector)VALUES (265,'Broșteni','CITY',FALSE,35,null);
INSERT INTO public.plocality(id, name, typelocality, residence, id_province,sector)VALUES (266,'Cajvana','CITY',FALSE,35,null);
INSERT INTO public.plocality(id, name, typelocality, residence, id_province,sector)VALUES (267,'Dolhasca','CITY',FALSE,35,null);
INSERT INTO public.plocality(id, name, typelocality, residence, id_province,sector)VALUES (268,'Frasin','CITY',FALSE,35,null);
INSERT INTO public.plocality(id, name, typelocality, residence, id_province,sector)VALUES (269,'Gura Humorului','CITY',FALSE,35,null);
INSERT INTO public.plocality(id, name, typelocality, residence, id_province,sector)VALUES (270,'Liteni','CITY',FALSE,35,null);
INSERT INTO public.plocality(id, name, typelocality, residence, id_province,sector)VALUES (271,'Milișăuți','CITY',FALSE,35,null);
INSERT INTO public.plocality(id, name, typelocality, residence, id_province,sector)VALUES (272,'Salcea','CITY',FALSE,35,null);
INSERT INTO public.plocality(id, name, typelocality, residence, id_province,sector)VALUES (273,'Siret','CITY',FALSE,35,null);
INSERT INTO public.plocality(id, name, typelocality, residence, id_province,sector)VALUES (274,'Solca','CITY',FALSE,35,null);
INSERT INTO public.plocality(id, name, typelocality, residence, id_province,sector)VALUES (275,'Vicovu de Sus','CITY',FALSE,35,null);
INSERT INTO public.plocality(id, name, typelocality, residence, id_province,sector)VALUES (276,'Roșiorii de Vede','MUNICIPALITY',FALSE,36,null);
INSERT INTO public.plocality(id, name, typelocality, residence, id_province,sector)VALUES (277,'Turnu Măgurele','MUNICIPALITY',FALSE,36,null);
INSERT INTO public.plocality(id, name, typelocality, residence, id_province,sector)VALUES (278,'Alexandria','MUNICIPALITY',TRUE,36,null);
INSERT INTO public.plocality(id, name, typelocality, residence, id_province,sector)VALUES (279,'Videle','CITY',FALSE,36,null);
INSERT INTO public.plocality(id, name, typelocality, residence, id_province,sector)VALUES (280,'Zimnicea','CITY',FALSE,36,null);
INSERT INTO public.plocality(id, name, typelocality, residence, id_province,sector)VALUES (281,'Lugoj','MUNICIPALITY',FALSE,37,null);
INSERT INTO public.plocality(id, name, typelocality, residence, id_province,sector)VALUES (282,'Timișoara','MUNICIPALITY',TRUE,37,null);
INSERT INTO public.plocality(id, name, typelocality, residence, id_province,sector)VALUES (283,'Buziaș','CITY',FALSE,37,null);
INSERT INTO public.plocality(id, name, typelocality, residence, id_province,sector)VALUES (284,'Ciacova','CITY',FALSE,37,nulL);
INSERT INTO public.plocality(id, name, typelocality, residence, id_province,sector)VALUES (285,'Deta','CITY',FALSE,37,null);
INSERT INTO public.plocality(id, name, typelocality, residence, id_province,sector)VALUES (286,'Făget','CITY',FALSE,37,null);
INSERT INTO public.plocality(id, name, typelocality, residence, id_province,sector)VALUES (287,'Gătaia','CITY',FALSE,37,null);
INSERT INTO public.plocality(id, name, typelocality, residence, id_province,sector)VALUES (288,'Jimbolia','CITY',FALSE,37,null);
INSERT INTO public.plocality(id, name, typelocality, residence, id_province,sector)VALUES (289,'Recaș','CITY',FALSE,37,null);
INSERT INTO public.plocality(id, name, typelocality, residence, id_province,sector)VALUES (290,'Sânnicolau Mare','CITY',FALSE,37,null);
INSERT INTO public.plocality(id, name, typelocality, residence, id_province,sector)VALUES (291,'Tulcea','MUNICIPALITY',TRUE,38,null);
INSERT INTO public.plocality(id, name, typelocality, residence, id_province,sector)VALUES (292,'Babadag','CITY',FALSE,38,null);
INSERT INTO public.plocality(id, name, typelocality, residence, id_province,sector)VALUES (293,'Isaccea','CITY',FALSE,38,null);
INSERT INTO public.plocality(id, name, typelocality, residence, id_province,sector)VALUES (294,'Măcin','CITY',FALSE,38,null);
INSERT INTO public.plocality(id, name, typelocality, residence, id_province,sector)VALUES (295,'Sulina','CITY',FALSE,38,null);
INSERT INTO public.plocality(id, name, typelocality, residence, id_province,sector)VALUES (296,'Bârlad','MUNICIPALITY',FALSE,39,null);
INSERT INTO public.plocality(id, name, typelocality, residence, id_province,sector)VALUES (297,'Huși','MUNICIPALITY',FALSE,39,null);
INSERT INTO public.plocality(id, name, typelocality, residence, id_province,sector)VALUES (298,'Vaslui','MUNICIPALITY',TRUE,39,null);
INSERT INTO public.plocality(id, name, typelocality, residence, id_province,sector)VALUES (299,'Murgeni','CITY',FALSE,39,null);
INSERT INTO public.plocality(id, name, typelocality, residence, id_province,sector)VALUES (300,'Negrești','CITY',FALSE,39,null);
INSERT INTO public.plocality(id, name, typelocality, residence, id_province,sector)VALUES (301,'Drăgășani','MUNICIPALITY',FALSE,40,null);
INSERT INTO public.plocality(id, name, typelocality, residence, id_province,sector)VALUES (302,'Râmnicu Vâlcea','MUNICIPALITY',TRUE,40,null);
INSERT INTO public.plocality(id, name, typelocality, residence, id_province,sector)VALUES (303,'Berbești','CITY',FALSE,40,null);
INSERT INTO public.plocality(id, name, typelocality, residence, id_province,sector)VALUES (304,'Brezoi','CITY',FALSE,40,null);
INSERT INTO public.plocality(id, name, typelocality, residence, id_province,sector)VALUES (305,'Băbeni','CITY',FALSE,40,null);
INSERT INTO public.plocality(id, name, typelocality, residence, id_province,sector)VALUES (306,'Băile Govora','CITY',FALSE,40,null);
INSERT INTO public.plocality(id, name, typelocality, residence, id_province,sector)VALUES (307,'Băile Olănești','CITY',FALSE,40,null);
INSERT INTO public.plocality(id, name, typelocality, residence, id_province,sector)VALUES (308,'Bălcești','CITY',FALSE,40,null);
INSERT INTO public.plocality(id, name, typelocality, residence, id_province,sector)VALUES (309,'Călimănești','CITY',FALSE,40,null);
INSERT INTO public.plocality(id, name, typelocality, residence, id_province,sector)VALUES (310,'Horezu','CITY',FALSE,40,null);
INSERT INTO public.plocality(id, name, typelocality, residence, id_province,sector)VALUES (311,'Ocnele Mari','CITY',FALSE,40,null);
INSERT INTO public.plocality(id, name, typelocality, residence, id_province,sector)VALUES (316,'Adjud','MUNICIPALITY',FALSE,41,null);
INSERT INTO public.plocality(id, name, typelocality, residence, id_province,sector)VALUES (317,'Focșani','MUNICIPALITY',TRUE,41,null);
INSERT INTO public.plocality(id, name, typelocality, residence, id_province,sector)VALUES (318,'Mărășești','CITY',FALSE,41,null);
INSERT INTO public.plocality(id, name, typelocality, residence, id_province,sector)VALUES (319,'Odobești','CITY',FALSE,41,null);
INSERT INTO public.plocality(id, name, typelocality, residence, id_province,sector)VALUES (320,'Panciu','CITY',FALSE,41,null);
INSERT INTO public.plocality(id, name, typelocality, residence, id_province,sector)VALUES (321,'Gheorgheni','MUNICIPALITY',FALSE,43,null);
INSERT INTO public.plocality(id, name, typelocality, residence, id_province,sector)VALUES (322,'Odorheiu Secuiesc','MUNICIPALITY',FALSE,43,null);
INSERT INTO public.plocality(id, name, typelocality, residence, id_province,sector)VALUES (323,'Toplița','MUNICIPALITY',FALSE,43,null);
INSERT INTO public.plocality(id, name, typelocality, residence, id_province,sector)VALUES (324,'Miercurea Ciuc','MUNICIPALITY',TRUE,43,null);
INSERT INTO public.plocality(id, name, typelocality, residence, id_province,sector)VALUES (325,'Băile Tușnad','CITY',FALSE,43,null);
INSERT INTO public.plocality(id, name, typelocality, residence, id_province,sector)VALUES (326,'Bălan','CITY',FALSE,43,null);
INSERT INTO public.plocality(id, name, typelocality, residence, id_province,sector)VALUES (327,'Borsec','CITY',FALSE,43,null);
INSERT INTO public.plocality(id, name, typelocality, residence, id_province,sector)VALUES (328,'Cristuru Secuiesc','CITY',FALSE,43,null);
INSERT INTO public.plocality(id, name, typelocality, residence, id_province,sector)VALUES (329,'Vlăhița','CITY',FALSE,43,null);
COMMIT;	
--Carga date echipa
	INSERT INTO public.pteam(id,name,description, organization) VALUES (1, 'Președinte',NULL, 'Conducerea Centrală');
	INSERT INTO public.pteam(id,name,description, organization) VALUES (2, 'Prim-Vicepreședinte',NULL, 'Conducerea Centrală');
	INSERT INTO public.pteam(id,name,description, organization) VALUES (3, 'Secretar General', NULL, 'Conducerea Centrală');
	INSERT INTO public.pteam(id,name,description, organization) VALUES (4, 'Secretar General Adjunct',NULL, 'Conducerea Centrală');
	INSERT INTO public.pteam(id,name,description, organization) VALUES (5, 'Vicepreședinte',NULL, 'Conducerea Centrală');
	INSERT INTO public.pteam(id,name,description, organization) VALUES (6, 'Secretar Executiv',NULL, 'Conducerea Centrală');
	INSERT INTO public.pteam(id,name,description, organization) VALUES (7, 'Trezorier',NULL, 'Conducerea Centrală');
	INSERT INTO public.pteam(id,name,description, organization) VALUES (8, 'Președinte comisie', NULL, 'Comisia Națională De Arbitraj și Integritate');
	INSERT INTO public.pteam(id,name,description, organization) VALUES (9, 'Membru comisie', NULL, 'Comisie');
	INSERT INTO public.pteam(id,name,description, organization) VALUES (10,'Purtător de cuvant', NULL ,'Conducerea Centrală');
	INSERT INTO public.pteam(id,name,description, organization) VALUES (11,'Președinte OTER', NULL ,'Conducerea Centrală');
	COMMIT;	

--Utilizatori

	
INSERT INTO public.users(username, date_create, date_deleted, date_updated, user_create, user_deleted, user_updated, email, last_name, name, 
password, address, birth_date, civil_status, education, id_card, locality_id, number_card, personal_email, phone, province_id, sex, workplace, role, photo,validated)
	
VALUES ('danut.pop@per.ro', current_date, null, null, 'system', null, null, 'danut.pop@per.ro', 'POP', 'Dănuț', 
'$2a$10$tDGyXBpEASeXlAUCdKsZ9u3MBBvT48xjA.v0lrDuRWlSZ6yfNsLve', 'Calea Victoriei nr 91-93', to_date('14/04/58', 'DD/MM/YY'),'MARRIED', 'FACULTY', '1580414632611', 73,'RG.2881', 'proba@hotmail.com', 
'0723452223', 10, 'MAN', 'Profesor la Facultatea de drept', 'ROLE_ADMIN',null,true);
COMMIT;		

INSERT INTO public.users(username, date_create, date_deleted, date_updated, user_create, user_deleted, user_updated, email, last_name, name, 
password, address, birth_date, civil_status, education, id_card, locality_id, number_card, personal_email, phone, province_id, sex, workplace, role, photo,validated)
	
VALUES ('mircia.gutau@per.ro', current_date, null, null, 'system', null, null, 'mircia.gutau@per.ro', 'GUTĂU', 'Mircia', 
'$2a$10$tDGyXBpEASeXlAUCdKsZ9u3MBBvT48xjA.v0lrDuRWlSZ6yfNsLve', 'Calea Victoriei nr 91-93', to_date('14/04/58', 'DD/MM/YY'),'MARRIED', 'FACULTY', '1580414632611', 302,'RG.2881', 'proba@hotmail.com', 
'0723452223', 40, 'MAN', 'Primar Râmnicu Vâlcea', 'ROLE_ADMIN',null,true);
COMMIT;	

INSERT INTO public.users(username, date_create, date_deleted, date_updated, user_create, user_deleted, user_updated, email, last_name, name, 
password, address, birth_date, civil_status, education, id_card, locality_id, number_card, personal_email, phone, province_id, sex, workplace, role, photo,validated)
	
VALUES ('cristian.anghel@per.ro', current_date, null, null, 'system', null, null, 'cristian.anghel@per.ro', 'ANGHEL', 'Cristian', 
'$2a$10$tDGyXBpEASeXlAUCdKsZ9u3MBBvT48xjA.v0lrDuRWlSZ6yfNsLve', 'Calea Victoriei nr 91-93', to_date('24/08/50', 'DD/MM/YY'),'MARRIED', 'FACULTY', '1580414632611', 185,'RG.2881', 'proba@hotmail.com', 
'0723452223', 26, 'MAN', 'Doctor inginer în specializarea Mecanică Tehnică', 'ROLE_ADMIN', null,true);
COMMIT;	

INSERT INTO public.users(username, date_create, date_deleted, date_updated, user_create, user_deleted, user_updated, email, last_name, name, 
password, address, birth_date, civil_status, education, id_card, locality_id, number_card, personal_email, phone, province_id, sex, workplace, role, photo,validated)
	
VALUES ('radu.cristescu@per.ro', current_date, null, null, 'system', null, null, 'radu.cristescu@per.ro', 'CRISTESCU', 'Radu', 
'$2a$10$tDGyXBpEASeXlAUCdKsZ9u3MBBvT48xjA.v0lrDuRWlSZ6yfNsLve', 'Calea Victoriei nr 91-93', to_date('24/08/50', 'DD/MM/YY'),'MARRIED', 'FACULTY', '1580414632611', 74,'RG.2881', 'proba@hotmail.com', 
'0723452223', 10, 'MAN', 'Doctor inginer în specializarea Mecanică Tehnică', 'ROLE_ADMIN', null,true);
COMMIT;	

INSERT INTO public.users(username, date_create, date_deleted, date_updated, user_create, user_deleted, user_updated, email, last_name, name, 
password, address, birth_date, civil_status, education, id_card, locality_id, number_card, personal_email, phone, province_id, sex, workplace, role, photo,validated)
	
VALUES ('bob.vasile@per.ro', current_date, null, null, 'system', null, null, 'bob.vasile@per.ro', 'BOB', 'Vasile', 
'$2a$10$tDGyXBpEASeXlAUCdKsZ9u3MBBvT48xjA.v0lrDuRWlSZ6yfNsLve', 'Calea Victoriei nr 91-93', to_date('24/08/50', 'DD/MM/YY'),'MARRIED', 'FACULTY', '1580414632611', 74,'RG.2881', 'proba@hotmail.com', 
'0723452223', 10, 'MAN', 'Doctor inginer în specializarea Mecanică Tehnică', 'ROLE_ADMIN',null,true);
COMMIT;	

INSERT INTO public.users(username, date_create, date_deleted, date_updated, user_create, user_deleted, user_updated, email, last_name, name, 
password, address, birth_date, civil_status, education, id_card, locality_id, number_card, personal_email, phone, province_id, sex, workplace, role, photo,validated)
	
VALUES ('cristinel.deaconescu@per.ro', current_date, null, null, 'system', null, null, 'cristinel.deaconescu@per.ro', 'DEACONESCU', 'Cristinel', 
'$2a$10$tDGyXBpEASeXlAUCdKsZ9u3MBBvT48xjA.v0lrDuRWlSZ6yfNsLve', 'Calea Victoriei nr 91-93', to_date('24/08/50', 'DD/MM/YY'),'MARRIED', 'FACULTY', '1580414632611', 74,'RG.2881', 'proba@hotmail.com', 
'0723452223', 10, 'MAN', 'Doctor inginer în specializarea Mecanică Tehnică', 'ROLE_ADMIN',null,true);
COMMIT;	

INSERT INTO public.users(username, date_create, date_deleted, date_updated, user_create, user_deleted, user_updated, email, last_name, name, 
password, address, birth_date, civil_status, education, id_card, locality_id, number_card, personal_email, phone, province_id, sex, workplace, role, photo,validated)
	
VALUES ('viorel.dobre@per.ro', current_date, null, null, 'system', null, null, 'viorel.dobre@per.ro', 'DOBRE', 'Viorel', 
'$2a$10$tDGyXBpEASeXlAUCdKsZ9u3MBBvT48xjA.v0lrDuRWlSZ6yfNsLve', 'Calea Victoriei nr 91-93', to_date('24/08/50', 'DD/MM/YY'),'MARRIED', 'FACULTY', '1580414632611', 74,'RG.2881', 'proba@hotmail.com', 
'0723452223', 10, 'MAN', 'Doctor inginer în specializarea Mecanică Tehnică', 'ROLE_ADMIN',null,true);
COMMIT;	

INSERT INTO public.users(username, date_create, date_deleted, date_updated, user_create, user_deleted, user_updated, email, last_name, name, 
password, address, birth_date, civil_status, education, id_card, locality_id, number_card, personal_email, phone, province_id, sex, workplace, role, photo,validated)
	
VALUES ('mirica.dimitrescu@per.ro', current_date, null, null, 'system', null, null, 'mirica.dimitrescu@per.ro', 'DIMITRESCU', 'Mirică', 
'$2a$10$tDGyXBpEASeXlAUCdKsZ9u3MBBvT48xjA.v0lrDuRWlSZ6yfNsLve', 'Calea Victoriei nr 91-93', to_date('24/08/50', 'DD/MM/YY'),'MARRIED', 'FACULTY', '1580414632611', 74,'RG.2881', 'proba@hotmail.com', 
'0723452223', 10, 'MAN', 'Doctor inginer în specializarea Mecanică Tehnică', 'ROLE_ADMIN',null,true);
COMMIT;	

INSERT INTO public.users(username, date_create, date_deleted, date_updated, user_create, user_deleted, user_updated, email, last_name, name, 
password, address, birth_date, civil_status, education, id_card, locality_id, number_card, personal_email, phone, province_id, sex, workplace, role, photo,validated)
	
VALUES ('bianca.vasile@per.ro', current_date, null, null, 'system', null, null, 'bianca.vasile@per.ro', 'VASILE', 'Bianca', 
'$2a$10$tDGyXBpEASeXlAUCdKsZ9u3MBBvT48xjA.v0lrDuRWlSZ6yfNsLve', 'Calea Victoriei nr 91-93', to_date('24/08/50', 'DD/MM/YY'),'MARRIED', 'FACULTY', '1580414632611', 74,'RG.2881', 'proba@hotmail.com', 
'0723452223', 10, 'MAN', 'Doctor inginer în specializarea Mecanică Tehnică', 'ROLE_ADMIN',null,true);
COMMIT;	

INSERT INTO public.users(username, date_create, date_deleted, date_updated, user_create, user_deleted, user_updated, email, last_name, name, 
password, address, birth_date, civil_status, education, id_card, locality_id, number_card, personal_email, phone, province_id, sex, workplace, role, photo,validated)
	
VALUES ('daniel.diaconu@per.ro', current_date, null, null, 'system', null, null, 'daniel.diaconu@per.ro', 'DIACONU', 'Daniel', 
'$2a$10$tDGyXBpEASeXlAUCdKsZ9u3MBBvT48xjA.v0lrDuRWlSZ6yfNsLve', 'Calea Victoriei nr 91-93', to_date('24/08/50', 'DD/MM/YY'),'MARRIED', 'FACULTY', '1580414632611', 74,'RG.2881', 'proba@hotmail.com', 
'0723452223', 10, 'MAN', 'Doctor inginer în specializarea Mecanică Tehnică', 'ROLE_ADMIN',null,true);
COMMIT;	

INSERT INTO public.users(username, date_create, date_deleted, date_updated, user_create, user_deleted, user_updated, email, last_name, name, 
password, address, birth_date, civil_status, education, id_card, locality_id, number_card, personal_email, phone, province_id, sex, workplace, role, photo,validated)
	
VALUES ('ovidiu.zara@per.ro', current_date, null, null, 'system', null, null, 'ovidiu.zara@per.ro', 'ZARĂ', 'Ovidiu', 
'$2a$10$tDGyXBpEASeXlAUCdKsZ9u3MBBvT48xjA.v0lrDuRWlSZ6yfNsLve', 'Calea Victoriei nr 91-93', to_date('24/08/50', 'DD/MM/YY'),'MARRIED', 'FACULTY', '1580414632611', 74,'RG.2881', 'proba@hotmail.com', 
'0723452223', 10, 'MAN', 'Doctor inginer în specializarea Mecanică Tehnică', 'ROLE_ADMIN',null,true);
COMMIT;	

INSERT INTO public.users(username, date_create, date_deleted, date_updated, user_create, user_deleted, user_updated, email, last_name, name, 
password, address, birth_date, civil_status, education, id_card, locality_id, number_card, personal_email, phone, province_id, sex, workplace, role, photo,validated)
	
VALUES ('danut.frunza@per.ro', current_date, null, null, 'system', null, null, 'danut.frunza@per.ro', 'FRUNZĂ', 'Dănuț', 
'$2a$10$tDGyXBpEASeXlAUCdKsZ9u3MBBvT48xjA.v0lrDuRWlSZ6yfNsLve', 'Calea Victoriei nr 91-93', to_date('24/08/50', 'DD/MM/YY'),'MARRIED', 'FACULTY', '1580414632611', 74,'RG.2881', 'proba@hotmail.com', 
'0723452223', 10, 'MAN', 'Doctor inginer în specializarea Mecanică Tehnică', 'ROLE_ADMIN',null,true);
COMMIT;
 
 INSERT INTO public.users(username, date_create, date_deleted, date_updated, user_create, user_deleted, user_updated, email, last_name, name, 
password, address, birth_date, civil_status, education, id_card, locality_id, number_card, personal_email, phone, province_id, sex, workplace, role, photo,validated)
	
VALUES ('dragos.sterpu@per.ro', current_date, null, null, 'system', null, null, 'dragos.sterpu@per.ro', 'STERPU', 'Dragoş', 
'$2a$10$tDGyXBpEASeXlAUCdKsZ9u3MBBvT48xjA.v0lrDuRWlSZ6yfNsLve', 'Calea Victoriei nr 91-93', to_date('24/08/50', 'DD/MM/YY'),'MARRIED', 'FACULTY', '1580414632611', 74,'RG.2881', 'proba@hotmail.com', 
'0723452223', 10, 'MAN', 'Doctor inginer în specializarea Mecanică Tehnică', 'ROLE_ADMIN',null,true);
COMMIT;
 
  INSERT INTO public.users(username, date_create, date_deleted, date_updated, user_create, user_deleted, user_updated, email, last_name, name, 
password, address, birth_date, civil_status, education, id_card, locality_id, number_card, personal_email, phone, province_id, sex, workplace, role, photo,validated)
	
VALUES ('costica.popsor@per.ro', current_date, null, null, 'system', null, null, 'costica.popsor@per.ro', 'POPȘOR', 'Costică', 
'$2a$10$tDGyXBpEASeXlAUCdKsZ9u3MBBvT48xjA.v0lrDuRWlSZ6yfNsLve', 'Calea Victoriei nr 91-93', to_date('24/08/50', 'DD/MM/YY'),'MARRIED', 'FACULTY', '1580414632611', 74,'RG.2881', 'proba@hotmail.com', 
'0723452223', 10, 'MAN', 'Doctor inginer în specializarea Mecanică Tehnică', 'ROLE_ADMIN',null,true);
COMMIT;
 
INSERT INTO public.users(username, date_create, date_deleted, date_updated, user_create, user_deleted, user_updated, email, last_name, name, 
password, address, birth_date, civil_status, education, id_card, locality_id, number_card, personal_email, phone, province_id, sex, workplace, role, photo,validated)
	
VALUES ('danut.frangu@per.ro', current_date, null, null, 'system', null, null, 'danut.frangu@per.ro', 'FRANGU', 'Dănuț', 
'$2a$10$tDGyXBpEASeXlAUCdKsZ9u3MBBvT48xjA.v0lrDuRWlSZ6yfNsLve', 'Calea Victoriei nr 91-93', to_date('24/08/50', 'DD/MM/YY'),'MARRIED', 'FACULTY', '1580414632611', 74,'RG.2881', 'proba@hotmail.com', 
'0723452223', 10, 'MAN', 'Doctor inginer în specializarea Mecanică Tehnică', 'ROLE_ADMIN',null,true);
COMMIT;
 
INSERT INTO public.users(username, date_create, date_deleted, date_updated, user_create, user_deleted, user_updated, email, last_name, name, 
password, address, birth_date, civil_status, education, id_card, locality_id, number_card, personal_email, phone, province_id, sex, workplace, role, photo,validated)
	
VALUES ('eugen.vizitiu@per.ro', current_date, null, null, 'system', null, null, 'eugen.vizitiu@per.ro', 'VIZITIU', 'Eugen', 
'$2a$10$tDGyXBpEASeXlAUCdKsZ9u3MBBvT48xjA.v0lrDuRWlSZ6yfNsLve', 'Calea Victoriei nr 91-93', to_date('24/08/50', 'DD/MM/YY'),'MARRIED', 'FACULTY', '1580414632611', 74,'RG.2881', 'proba@hotmail.com', 
'0723452223', 10, 'MAN', 'Doctor inginer în specializarea Mecanică Tehnică', 'ROLE_ADMIN',null,true);
COMMIT;
 
 INSERT INTO public.users(username, date_create, date_deleted, date_updated, user_create, user_deleted, user_updated, email, last_name, name, 
password, address, birth_date, civil_status, education, id_card, locality_id, number_card, personal_email, phone, province_id, sex, workplace, role, photo,validated)
	
VALUES ('tineret@per.ro', current_date, null, null, 'system', null, null, 'tineret@per.ro', 'POP', 'Dănuț', 
'$2a$10$tDGyXBpEASeXlAUCdKsZ9u3MBBvT48xjA.v0lrDuRWlSZ6yfNsLve', 'Calea Victoriei nr 91-93', to_date('24/08/50', 'DD/MM/YY'),'MARRIED', 'FACULTY', '1580414632611', 74,'RG.2881', 'proba@hotmail.com', 
'0723452223', 10, 'MAN', 'Doctor inginer în specializarea Mecanică Tehnică', 'ROLE_ADMIN',null,true);
COMMIT;
 
 INSERT INTO public.users(username, date_create, date_deleted, date_updated, user_create, user_deleted, user_updated, email, last_name, name, 
password, address, birth_date, civil_status, education, id_card, locality_id, number_card, personal_email, phone, province_id, sex, workplace, role, photo,validated)
	
VALUES ('admin', current_date, null, null, 'system', null, null, 'admin@per.ro', 'ADMIN', 'ADMIN', 
'$2a$10$tDGyXBpEASeXlAUCdKsZ9u3MBBvT48xjA.v0lrDuRWlSZ6yfNsLve', 'Calea Victoriei nr 91-93', to_date('24/08/50', 'DD/MM/YY'),'MARRIED', 'FACULTY', '1580414632611', 74,'RG.2881', 'proba@hotmail.com', 
'0723452223', 10, 'MAN', 'Doctor inginer în specializarea Mecanică Tehnică', 'ROLE_ADMIN',null,true);
COMMIT;

--Team	
INSERT INTO public.team(id, rank, team_id, user_username)VALUES (1, 1, 1, 'danut.pop@per.ro');
INSERT INTO public.team(id, rank, team_id, user_username)VALUES (2, 2, 2, 'mircia.gutau@per.ro');
INSERT INTO public.team(id, rank, team_id, user_username)VALUES (3, 3, 2, 'cristian.anghel@per.ro');
INSERT INTO public.team(id, rank, team_id, user_username)VALUES (4, 4, 2, 'radu.cristescu@per.ro');
INSERT INTO public.team(id, rank, team_id, user_username)VALUES (5, 5, 3, 'bob.vasile@per.ro');	
INSERT INTO public.team(id, rank, team_id, user_username)VALUES (6, 6, 4, 'cristinel.deaconescu@per.ro');
INSERT INTO public.team(id, rank, team_id, user_username)VALUES (7, 8, 5, 'viorel.dobre@per.ro');
INSERT INTO public.team(id, rank, team_id, user_username)VALUES (8, 9, 5, 'mirica.dimitrescu@per.ro');
INSERT INTO public.team(id, rank, team_id, user_username)VALUES (9, 10, 5, 'bianca.vasile@per.ro');
INSERT INTO public.team(id, rank, team_id, user_username)VALUES (10, 11, 5, 'daniel.diaconu@per.ro');
INSERT INTO public.team(id, rank, team_id, user_username)VALUES (11, 12, 5, 'ovidiu.zara@per.ro');
INSERT INTO public.team(id, rank, team_id, user_username)VALUES (12, 13, 5, 'danut.frunza@per.ro');
INSERT INTO public.team(id, rank, team_id, user_username)VALUES (14, 14, 5, 'dragos.sterpu@per.ro');
INSERT INTO public.team(id, rank, team_id, user_username)VALUES (15, 15, 5, 'costica.popsor@per.ro');
INSERT INTO public.team(id, rank, team_id, user_username)VALUES (16, 16, 5, 'danut.frangu@per.ro');
INSERT INTO public.team(id, rank, team_id, user_username)VALUES (17, 17, 5, 'eugen.vizitiu@per.ro');
INSERT INTO public.team(id, rank, team_id, user_username)VALUES (13, 7, 11, 'tineret@per.ro');
COMMIT;	

--Date de conexiune al servidor de mail
INSERT INTO public.PROPERTIES (ID,FILENAME,NAME,VALUE) VALUES ('1','MAIL','mail.smtp.host','smtp.gmail.com');
INSERT INTO public.PROPERTIES (ID,FILENAME,NAME,VALUE) VALUES ('2','MAIL','mail.smtp.port','587');
INSERT INTO public.PROPERTIES (ID,FILENAME,NAME,VALUE) VALUES ('3','MAIL','mail.smtp.ssl.trust','smtp.gmail.com');
INSERT INTO public.PROPERTIES (ID,FILENAME,NAME,VALUE) VALUES ('4','MAIL','mail.smtp.starttls.enable','true');
INSERT INTO public.PROPERTIES (ID,FILENAME,NAME,VALUE) VALUES ('5','MAIL','mail.smtp.user','elypseinfo@gmail.com');
INSERT INTO public.PROPERTIES (ID,FILENAME,NAME,VALUE) VALUES ('6','MAIL','mail.smtp.auth','true');
INSERT INTO public.PROPERTIES (ID,FILENAME,NAME,VALUE) VALUES ('7','MAIL','mail.smtp.password','elypse18');

COMMIT;	
	
	
	
	
	
	
		
		
	
	
		
		
		
		
		
		
		
		
	
	
	
	
	
	
	

	
	
	
	
	
	
	
	
	
	
	
	
	
	
	
	
	

	
	

	
	
	
	
	
	
	
	
	
	
	
	
	
	

	
	
	
	
	
	
	
	
	
	
	
	
	
	
	
	
	
	
	
	
	
	
	
	
	
	
	
	
		
	
	
	
	
	
	
	
	
	
	
	
	
	
	
	
	
	
	
	
	
	
	
	
	
	
	
	
	
	
	
	
	
	

	
	
	
	
	
	
	
	
	
	
	
	
	
	
	
	
	
	
	
	

	
	
	
	
	
	
	
	
	
		
		
		
		
	
	
	
	
	
		

	
	
	
	
	

	
	
	
	
		
		
		


	
	
	
	

	
	
	

	
	


	
	
	
		
	
	

	
	
	
	
	

	
	
	


	
	
	
	
	


  
  	
	
	
	
	
	
	
	
	

 
 

 
 
 




 

 

	

	
	
	


	

	


	
	
	
	
	




